ID,Prediction
1,D A E
2,A C E
3,D A B
4,A E C
5,C B D
6,E D C
7,A E D
8,B C A
9,B D A
10,B A C
11,D A C
12,D E B
13,B D C
14,C E D
15,B E D
16,C D E
17,E D C
18,A C D
19,A D C
20,D B C
21,B E A
22,B A C
23,A B C
24,E C A
25,A B C
26,E C D
27,A E D
28,B D E
29,D A E
30,A E B
31,A E C
32,C A B
33,C B A
34,A E C
35,C D B
36,B A D
37,A E D
38,C E A
39,B D C
40,C B D
41,A E D
42,E D B
43,C D A
44,B D E
45,B A C
46,B C A
47,C E A
48,A B C
49,D E A
50,C D E
51,C E A
52,A C B
53,A C D
54,C E B
55,B A D
56,B A C
57,B C A
58,B A D
59,A E B
60,C B A
61,C E D
62,A E B
63,A B C
64,C D A
65,C E B
66,D C B
67,B A D
68,B D A
69,E D A
70,C B E
71,A E C
72,D C E
73,C A E
74,D B C
75,E D C
76,B E A
77,C D A
78,B A D
79,C A D
80,E A D
81,B C E
82,A C B
83,A B C
84,B C A
85,E D C
86,B A D
87,D E A
88,D B A
89,D B A
90,A E C
91,B A D
92,C D A
93,C A D
94,B E A
95,B D A
96,B C D
97,A B C
98,A B C
99,B C A
100,B D E
101,E B C
102,B D E
103,E C A
104,C B A
105,A E C
106,A E D
107,A C B
108,B D E
109,E D A
110,B C D
111,D C B
112,B A C
113,B C D
114,E D A
115,A D B
116,E C B
117,A E C
118,A B C
119,E D B
120,B D A
121,C E D
122,B D C
123,B A C
124,A E B
125,B E A
126,B A E
127,E B C
128,B C A
129,B D E
130,B D C
131,E D A
132,B C A
133,D B C
134,E A C
135,C A B
136,E D A
137,B E A
138,A E C
139,B C E
140,B C A
141,C A D
142,A C D
143,C B A
144,B E A
145,D B C
146,B E D
147,B A D
148,E C B
149,C A B
150,D C B
151,B C A
152,D A B
153,A E C
154,E D C
155,B E A
156,B D C
157,E C B
158,D C B
159,C B D
160,A C D
161,A C D
162,C A D
163,E A D
164,C B A
165,B A D
166,B E D
167,D B C
168,C A D
169,B A C
170,A E B
171,A B E
172,D E B
173,C A D
174,B A E
175,B C D
176,E C D
177,B A E
178,D A E
179,B C E
180,B A D
181,B E D
182,E C D
183,A C E
184,B A C
185,B A E
186,B D E
187,C B D
188,E A D
189,C B A
190,A E D
191,E A C
192,A D C
193,C A B
194,E C B
195,B A C
196,D B C
197,E B C
198,B C E
199,C A B
200,C B D
201,B D E
202,E B A
203,B C D
204,D C A
205,C A E
206,E B C
207,A C E
208,D E A
209,C A B
210,B A D
211,D A E
212,D E C
213,C D A
214,D E B
215,B D E
216,E D B
217,D E A
218,E D A
219,D B E
220,D E A
221,D E C
222,C B A
223,B E D
224,E D B
225,C D B
226,C B D
227,D C A
228,B A E
229,C B E
230,A C B
231,B E D
232,C E A
233,B C E
234,A C E
235,E B A
236,A D C
237,E C D
238,A D E
239,B C E
240,E B A
241,E D B
242,B A D
243,A B C
244,B D E
245,D E C
246,D A B
247,A C E
248,E C B
249,C A B
250,B C E
251,E C B
252,D E C
253,C B D
254,D B C
255,E C D
256,A B E
257,B E C
258,E D A
259,A C D
260,B E C
261,A E C
262,A B E
263,B D A
264,C D A
265,B C E
266,A E B
267,B D C
268,B D C
269,B A C
270,B A D
271,A E C
272,B A C
273,A D E
274,A C B
275,C D B
276,E D A
277,E C B
278,E D C
279,B D A
280,A D E
281,B A E
282,B E A
283,A C B
284,B A C
285,B E D
286,B A D
287,C D A
288,D B E
289,B E D
290,D A B
291,D E C
292,C B A
293,B C E
294,C E A
295,A B C
296,C B D
297,D E B
298,D B C
299,B C A
300,B C D
301,B E A
302,E D A
303,A D C
304,C B D
305,C B D
306,C B E
307,B D A
308,C A B
309,D A B
310,E D B
311,C D E
312,C E D
313,C D B
314,A C E
315,C D E
316,B D E
317,E B D
318,E B A
319,E D A
320,B A C
321,B D C
322,C B A
323,D C A
324,E C D
325,B D A
326,E A D
327,E D A
328,B D E
329,A B C
330,D A B
331,A E B
332,D C A
333,C D A
334,D C A
335,D E C
336,B D C
337,E C D
338,B E A
339,A C B
340,C E B
341,A C E
342,A D C
343,D E A
344,D A C
345,A D C
346,C B A
347,B A C
348,A E B
349,B D A
350,A D C
351,B A E
352,B D E
353,B E C
354,B C E
355,B A D
356,C B A
357,A B C
358,B E A
359,A B C
360,A C D
361,B D E
362,C A D
363,E D A
364,B E D
365,B C A
366,C B D
367,B E D
368,B C D
369,B C A
370,A B E
371,D C B
372,A B E
373,C B D
374,B D E
375,A C E
376,B D A
377,E D A
378,D A C
379,A B C
380,D A B
381,E B A
382,B C D
383,C B D
384,B C A
385,A B C
386,A C D
387,C A E
388,D C B
389,E D C
390,D B C
391,A C E
392,B C A
393,C E A
394,C A E
395,A C E
396,B D E
397,C E D
398,B E D
399,D A B
400,B E D
401,E C A
402,D C A
403,A B C
404,D C A
405,A E C
406,B A C
407,D A B
408,E D A
409,C E B
410,A C B
411,E B D
412,A E B
413,D E A
414,A C D
415,E D C
416,A C D
417,B D A
418,D C E
419,A C B
420,A E D
421,E C B
422,C E A
423,A B E
424,B A C
425,A C D
426,A B E
427,C E D
428,D B E
429,D E A
430,A E B
431,E B A
432,C D A
433,E B A
434,C A D
435,B C A
436,B D C
437,E C A
438,A C E
439,D C B
440,A E C
441,D B A
442,D C A
443,B E D
444,B C E
445,B E C
446,C A E
447,B D C
448,E B C
449,D C B
450,D B E
451,D B C
452,A B C
453,A B E
454,C E A
455,D E C
456,C B D
457,D C B
458,E A B
459,A C E
460,A E B
461,E B D
462,A C E
463,D C E
464,E D C
465,B E D
466,D E B
467,D C E
468,D C A
469,C B D
470,A D C
471,D E A
472,A C E
473,B A E
474,E B A
475,A C E
476,E D A
477,A B C
478,B A C
479,B E A
480,D B C
481,A C E
482,A E B
483,A C E
484,D C A
485,C B D
486,B D E
487,E D B
488,E C D
489,C D B
490,B E A
491,B D C
492,D C B
493,D B C
494,D A B
495,C A B
496,C E D
497,E D B
498,B E A
499,D C A
500,C E B
